Experimento,Presupuesto,HV (Media),HV (Std),Spacing (Media),Spacing (Std)
BASELINE,4000,1.1495319763412906,0.06406567553529194,0.05492402803098021,0.009338289071365245
BASELINE,10000,1.3058821445904085,0.032246461120295805,0.037374107754226324,0.0037274495520306593
P80_CONFIG,4000,1.16223284057882,0.12381475827277748,0.06223606224813687,0.011092439735777714
P80_CONFIG,10000,1.312927653764127,0.024670061171810323,0.042830005339413876,0.0021863369344080627
HIGH_MUTATION,4000,1.1009141996278984,0.06437591198179632,0.05377610709896526,0.012773519198787775
HIGH_MUTATION,10000,1.3075524634493463,0.010430627860769233,0.0402817662756184,0.0031796383749140874
